Match_ID,Match_Date,Season
M2023_001,2023-01-22,2023
M2023_002,2023-01-29,2023
M2023_003,2023-02-05,2023
M2023_004,2023-02-12,2023
M2023_005,2023-02-19,2023
M2023_006,2023-02-26,2023
M2023_007,2023-03-05,2023
M2023_008,2023-03-12,2023
M2023_009,2023-03-19,2023
M2023_010,2023-03-26,2023
M2023_011,2023-04-02,2023
M2023_012,2023-04-09,2023
M2023_013,2023-04-16,2023
M2023_014,2023-04-23,2023
M2023_015,2023-04-30,2023
M2023_016,2023-05-07,2023
M2023_017,2023-05-14,2023
M2023_018,2023-05-21,2023
M2023_019,2023-05-28,2023
M2023_020,2023-06-04,2023
M2023_021,2023-06-11,2023
M2023_022,2023-06-18,2023
M2023_023,2023-06-25,2023
M2023_024,2023-07-02,2023
M2023_025,2023-07-09,2023
M2023_026,2023-07-16,2023
M2023_027,2023-07-23,2023
M2023_028,2023-07-30,2023
M2023_029,2023-08-06,2023
M2023_030,2023-08-13,2023
M2024_001,2024-01-22,2024
M2024_002,2024-01-29,2024
M2024_003,2024-02-05,2024
M2024_004,2024-02-12,2024
M2024_005,2024-02-19,2024
M2024_006,2024-02-26,2024
M2024_007,2024-03-04,2024
M2024_008,2024-03-11,2024
M2024_009,2024-03-18,2024
M2024_010,2024-03-25,2024
M2024_011,2024-04-01,2024
M2024_012,2024-04-08,2024
M2024_013,2024-04-15,2024
M2024_014,2024-04-22,2024
M2024_015,2024-04-29,2024
M2024_016,2024-05-06,2024
M2024_017,2024-05-13,2024
M2024_018,2024-05-20,2024
M2024_019,2024-05-27,2024
M2024_020,2024-06-03,2024
M2024_021,2024-06-10,2024
M2024_022,2024-06-17,2024
M2024_023,2024-06-24,2024
M2024_024,2024-07-01,2024
M2024_025,2024-07-08,2024
M2024_026,2024-07-15,2024
M2024_027,2024-07-22,2024
M2024_028,2024-07-29,2024
M2024_029,2024-08-05,2024
M2024_030,2024-08-12,2024
